Abuse_Type,Depth,Mean_Value_Received_BTC
darknet,0,200.6223419029412
darknet,1,16.870529537586208
darknet,2,18.65695347826923
darknet,3,55.27378549408451
darknet,4,207.12560451966388
