Abuse_Type,Depth,Mean_Value_Sent_BTC
darknet,0,340.692164726
darknet,1,24.02862974916667
darknet,2,59.076775654230765
darknet,3,56.64537258916667
darknet,4,616.5441670686793
