Abuse_Type,Depth,Total_Mean_Value_Sent_BTC
darknet,0,341.121665887
darknet,1,44.260545828333335
darknet,2,64.17748175115385
darknet,3,112.15177244527777
darknet,4,633.3609382945283
